|P42_OV1P9|12|£68.76
|N8U_UNJKW|11|£22.74
|2O0_UCK6F|8|£44.72
|0H2_O1X0L|6|£36.42
|JKC_0TLU5|5|£5.32
|P42_IPVE6|5|£22.50
|H15_E3PAN|5|£41.60
|R6E_DLFQW|5|£16.75
|LSD_9R1GN|5|£40.69
|H1H_A2V3K|5|£3.41
|2ML_68BRQ|4|£21.84
|0H2_CZUZX|4|£25.40
|N8U_EMJ1S|4|£14.48
|P42_W22UD|4|£23.47
|R6E_F90L2|4|£9.24
|0H2_LQ555|4|£30.28
|N8U_COWU2|4|£17.72
|FZT_KZOT8|4|£19.64
|9ZX_PV9XZ|4|£33.60
|R6E_VWUC7|4|£10.18
|QCG_M4TM4|4|£43.92
|29A_A59HR|4|£9.36
|FU5_SJ0ZD|4|£4.94
|N8U_85WDI|4|£6.83
|IEV_KRX6I|4|£7.03
|U5F_F7FQ5|4|£9.72
|U5F_VZELE|4|£13.37
|0H2_549KK|3|£16.77
|X52_T5V5W|3|£19.51
|R6E_F64H7|3|£8.58
|FEW_JJ9FT|3|£17.37
|EMC_23Y9E|3|£15.18
|A38_MZL43|3|£8.14
|FZT_ZP7RI|3|£12.27
|0H2_1XG54|3|£20.25
|SFC_AM6EH|3|£7.29
|OXH_MM77N|3|£8.05
|H15_XJLWY|3|£14.43
|0H2_2AJB5|3|£22.88
|LSD_YZ7ZS|3|£25.11
|2ML_3SZO0|3|£26.67
|N8U_M6J9W|3|£20.66
|LPF_BDD5Z|3|£24.30
|FU5_TUV75|3|£10.85
|RU6_ERYF4|3|£24.63
|0H2_K8EHH|2|£13.76
|XG4_AHAE7|2|£8.36
|0H2_9STQJ|2|£16.50
|N8U_4A2M0|2|£14.04
|SFC_26XOE|2|£4.75
|OQA_DWJC4|2|£25.74
|2ML_3483Q|2|£14.58
|29A_RBNO8|2|£20.04
|T80_LP9DJ|2|£12.27
|QCG_E7DJL|2|£10.64
|N8U_ZDSYK|2|£3.42
|FU5_6DCYD|2|£14.64
|0H2_MQPSJ|2|£8.38
|J4R_AODV3|2|£8.73
|N8U_0AEJH|2|£3.78
|JPI_BI6K5|2|£12.80
|AEB_4EKR9|2|£17.17
|JPI_MKV69|2|£3.16
|N8U_14V9T|2|£6.82
|H15_J2RPB|2|£6.82
|29A_LPLTZ|2|£7.80
|N8U_TL4WZ|2|£8.00
|SJS_U4XSE|2|£11.02
|FU5_NOKHJ|2|£22.26
|LPF_9F8O1|2|£12.36
|IEV_NZQS5|2|£12.27
|LPF_GYQNP|2|£14.40
|N8U_H87RV|2|£12.00
|N8U_TU0A5|2|£7.08
|JPI_S4HQP|2|£3.68
|0H2_RUNZF|2|£15.75
|R6E_XQBTK|2|£3.90
|TW8_O3VWQ|2|£2.04
|LPF_Y1M2E|2|£8.16
|TW8_WALAE|2|£2.76
|R6E_DUWYY|2|£8.38
|Q4N_MRE4J|2|£6.68
|Q4N_967JZ|2|£21.12
|FEW_81AIS|2|£16.50
|0H2_LGDUB|2|£10.24
|P42_1MR3E|2|£18.80
|T80_WK41K|2|£11.60
|XG4_ZSVWE|2|£13.50
|N8U_3220G|2|£2.84
|H15_TZ8LC|2|£12.54
|YMJ_7GQRJ|2|£22.92
|3WV_G5W0N|2|£23.88
|BZU_SRKOW|2|£14.46
|QCG_536VK|2|£12.70
|Q4N_S7QET|2|£5.36
|0H2_Q4ZAD|2|£15.96
|JPI_HLZWD|2|£3.27
|H1H_7NP6T|2|£0.96
|P42_DMJ70|2|£11.46
|01F_BLH3I|2|£5.73
|IEV_VGGTR|2|£7.62
|9ZX_LJ26I|2|£43.30
|LPF_KE0PX|2|£25.77
|IEV_L6Q95|2|£4.66
|ILF_OUC6J|2|£27.80
|N8U_X05XH|2|£11.94
|EKM_S79EQ|2|£5.68
|01F_I1PEZ|2|£7.77
|TW8_RI2GD|2|£3.12
|TZB_D0DLN|2|£8.80
|LPF_MHPLR|2|£31.41
|OBD_0CSPY|2|£6.20
|A38_W1ZMG|2|£7.73
|8HU_09LL9|2|£5.50
|P42_JCYBN|2|£10.76
|H15_2JVLK|2|£15.42
|6BZ_MBQ30|2|£9.07
|FU5_6TXTJ|2|£2.59
|IEV_PM13G|2|£21.46
|SJS_0LCSZ|2|£30.30
|IEV_MX6BF|2|£11.02
|FU5_VHWMQ|2|£4.44
|U5F_67D07|2|£6.74
|LPF_J8DD7|2|£7.67
|X52_0EM7L|1|£3.13
|JPI_GVBRC|1|£10.77
|FEW_AHZNS|1|£8.21
|N5F_7IE9S|1|£8.18
|H8O_M15RG|1|£6.35
|JR5_KWDJZ|1|£5.38
|I4Y_8ETY5|1|£8.04
|X52_CRK31|1|£3.96
|YMJ_YJTMP|1|£11.65
|P42_B2IW9|1|£9.00
|FEW_F79YP|1|£16.91
|7C6_0ZEQ8|1|£7.85
|TW8_E63V3|1|£1.62
|Q4N_EGB8E|1|£10.50
|H15_NEYQ4|1|£3.75
|N5F_4PLF3|1|£2.91
|F9B_W9RKF|1|£7.90
|C8Z_520UE|1|£9.06
|BR0_NIXNF|1|£22.25
|R6E_YIM6C|1|£8.65
|LIB_8D73U|1|£13.10
|OXH_DPAB1|1|£23.61
|P42_RVZ6I|1|£6.69
|FZT_GJUAD|1|£4.91
|SFC_XHB4M|1|£2.13
|FEW_QWSWG|1|£5.12
|YMJ_3CUG7|1|£5.38
|EPM_DFPBD|1|£1.50
|O38_O1RNE|1|£3.63
|Z4O_82JKU|1|£2.00
|P42_5Y2V7|1|£4.57
|QV7_FZM7U|1|£8.62
|JPI_D80TK|1|£1.98
|XG4_IQNBU|1|£6.35
|OBD_RZW8B|1|£26.57
|JI5_4TTS2|1|£6.90
|N5F_AEKO3|1|£18.63
|H15_CERTN|1|£6.40
|N8U_I36F2|1|£4.23
|H15_4D1NN|1|£6.62
|Z4O_GID11|1|£30.00
|8HU_20XCP|1|£15.83
|FEW_25CJ5|1|£10.30
|0WT_AK33R|1|£12.40
|29A_RH5J5|1|£4.23
|C8Z_5FESW|1|£14.43
|BZU_68AG2|1|£7.23
|1TS_MNJUQ|1|£16.12
|2ML_7YTSF|1|£5.66
|JPI_9XQSN|1|£2.11
|FEW_SANGZ|1|£9.38
|3WV_BKQSZ|1|£4.94
|QCG_A6Z4C|1|£5.37
|FEW_A4R06|1|£10.57
|FZT_7BMCX|1|£8.60
|AEB_9FTYM|1|£9.07
|1TS_Z0UBN|1|£16.12
|QLB_M3SY1|1|£7.17
|8H8_VKMQ4|1|£2.78
|N8U_ZRKHN|1|£4.23
|H15_FV49E|1|£7.02
|H15_K38PQ|1|£9.62
|H15_NJRVO|1|£8.18
|JPI_E7POD|1|£11.32
|J4R_RNDL2|1|£3.70
|T80_C3R9E|1|£6.00
|0KX_E6T47|1|£3.63
|TVL_6ASJR|1|£6.00
|2ML_7QUXS|1|£2.92
|X52_MYQAP|1|£12.33
|DMA_53EDF|1|£18.32
|R6E_280WP|1|£19.63
|R6E_HO1M5|1|£24.93
|Q4N_699MN|1|£34.06
|AEB_JPC1D|1|£4.98
|N8U_YY5BX|1|£4.57
|Q4N_11H2S|1|£19.00
|TW8_WHV3G|1|£1.38
|Q4N_LKDTY|1|£8.69
|3WV_V64MG|1|£4.30
|3WV_2FM2J|1|£4.81
|Q4N_7BGJ9|1|£17.50
|N8U_UQC6F|1|£1.77
|29A_PO1N6|1|£7.44
|0H2_ABFD7|1|£4.84
|X52_3N11J|1|£10.12
|R6E_DUV2Y|1|£7.81
|0H2_1LGSE|1|£4.23
|0H2_51OBI|1|£6.75
|N8U_89ULV|1|£4.71
|XG4_NZY1K|1|£4.37
|LGI_VY2UB|1|£6.35
|8H8_5543M|1|£6.75
|DMA_ODYUV|1|£12.50
|R6E_KV45X|1|£2.06
|C3R_BP4WV|1|£25.62
|1VL_OXMKW|1|£10.57
|0H2_EEQQ0|1|£6.75
|2ML_6V2Q8|1|£10.25
|DJI_L81FM|1|£25.16
|R6E_WKOLQ|1|£1.68
|PA3_61YKF|1|£20.75
|1L6_Y2U6K|1|£10.50
|GSI_9M63N|1|£1.68
|H15_L9X5Q|1|£3.00
|H15_BK9BM|1|£4.81
|0WT_KXEUC|1|£4.06
|X52_KUXIK|1|£2.66
|PZW_ENX9M|1|£8.52
|J4R_53UL8|1|£1.97
|P42_6RXA9|1|£5.62
|X52_1W8E0|1|£5.73
|X52_JSNFH|1|£15.88
|TVL_GG1RY|1|£4.09
|R6B_Q8411|1|£8.69
|PZW_K0TXH|1|£8.87
|BZU_MZGP5|1|£9.21
|BZU_K8GSO|1|£9.21
|6BZ_JO2C3|1|£16.80
|0H2_6OUVC|1|£10.50
|P42_GKJEP|1|£3.54
|XG4_SW800|1|£5.87
|NVL_UFYM3|1|£14.60
|AEB_J93NR|1|£5.25
|R6E_7EBAG|1|£6.50
|LSD_N0RAF|1|£12.33
|1VL_CC028|1|£3.65
|C8Z_PQ7MM|1|£13.18
|MU3_FBID9|1|£4.38
|QCG_NPV8G|1|£6.21
|H15_Z2AX9|1|£8.87
|TW8_M93I3|1|£1.68
|YMJ_MYO3P|1|£10.90
|P42_0BXVJ|1|£7.50
|0WT_9GSMH|1|£10.23
|HVP_T91Q1|1|£8.43
|LSD_GUFMQ|1|£8.46
|A38_7X6ZN|1|£3.62
|H15_15PXV|1|£7.71
|SFC_0WRXS|1|£2.00
|Z4O_0VP78|1|£20.37
|LGI_VRVG1|1|£8.56
|PZW_8N1HN|1|£5.25
|1L6_LC2AI|1|£11.25
|FEW_WG7HI|1|£5.18
|FEW_T4T9J|1|£9.50
|P42_7YOPV|1|£5.66
|R6E_B4KFE|1|£5.56
|R6E_75L4V|1|£2.73
|TW8_WINPO|1|£2.06
|0WT_I9SAW|1|£2.19
|FEW_H8LCU|1|£5.12
|C8Z_8KNYA|1|£22.18
|FEW_3QNEE|1|£8.32
|MU3_O9LF5|1|£4.81
|H15_D9QKE|1|£8.87
|YMJ_U6GWD|1|£10.43
|TW8_LTH2G|1|£2.00
|R6E_VLPE5|1|£8.18
|TIF_R8LFB|1|£6.00
|N8U_FZ402|1|£5.46
|X52_JYR24|1|£7.43
|P42_0JD0P|1|£8.38
|X52_WTLC3|1|£5.12
|JKC_Y3KC2|1|£5.56
|H15_BKO3J|1|£8.12
|DJI_OQCLK|1|£30.87
|TVL_OTA6Z|1|£4.02
|YMJ_MGNU4|1|£6.54
|FEW_GQH4S|1|£10.57
|DMA_3RJ5R|1|£18.32
|TZB_7LHYM|1|£4.41
|BEQ_0H5CR|1|£5.62
|8HU_I1JEE|1|£8.29
|9ZX_81B39|1|£10.37
|2ML_C7BXJ|1|£5.10
|ILF_5TPXK|1|£2.15
|A38_VGIW5|1|£8.18
|1VL_GB05L|1|£4.23
|1VL_NDJ65|1|£3.44
|J4R_AYAJU|1|£4.00
|U5F_4X8P4|1|£5.19
|U5F_UHKW8|1|£1.72
|FEW_AOM3I|1|£7.71
|C8Z_2517R|1|£10.25
|2ML_5IT1P|1|£9.88
|BR0_XEP2E|1|£27.08
|FEW_PN14V|1|£9.40
|Q4N_MWOXV|1|£10.12
|PZW_Y9KNY|1|£8.46
|U5F_WNBBE|1|£1.90
|U5F_HWISP|1|£5.12
|LGI_86X06|1|£2.13
|FU5_VIXSK|1|£3.30
|OXH_69PF4|1|£6.75
|9ZX_O8BRA|1|£29.31
|XVK_SRZBJ|1|£4.19
|N8U_9J5RX|1|£8.18
|N5F_6Y6GP|1|£4.26
|LGI_HR6V3|1|£16.50
|XG4_2W6DM|1|£18.06
|EMC_OQ8X3|1|£3.10
|J4R_E3WCF|1|£10.44
|R6E_TA0AW|1|£24.93
|FEW_4DJ5Q|1|£6.75
|TW8_T6WLQ|1|£2.00
|JB0_KK3R7|1|£29.59
|U5F_WJSXR|1|£4.21
|FZT_I1AQP|1|£2.33
|FEW_TMW2A|1|£11.75
|BR0_ULY8T|1|£22.38
|SJS_AH0E0|1|£40.72
|C8Z_M3T80|1|£11.94
|CQK_3I7DJ|1|£3.46
|8HU_IST2P|1|£13.88
|1TS_DPNWZ|1|£6.12
|LSD_U6H2A|1|£5.04
|6BZ_MYDIB|1|£92.39
|LDZ_DCKPW|1|£22.53
|0H2_SIZ9T|1|£5.73
|B93_UADWD|1|£22.88
|Q4N_3W011|1|£34.06
|TW8_M8SIH|1|£1.38
|TW8_I30KB|1|£1.30
|J4R_ZE55T|1|£21.34
|HVP_OVBQ9|1|£4.84
|TZB_DYMFI|1|£2.37
|01F_GGYTB|1|£8.98
|9ZX_I46EJ|1|£8.40
|SJS_4BPPU|1|£118.35
